,Budget,Cost,TotalTravel(mi)
0,15000000,5000,3053142.6113936636
1,15000000,10000,3053142.6113936636
2,15000000,25000,3053142.6113936636
3,15000000,50000,3053142.6113936636
4,15000000,75000,3053142.6113936636
5,15000000,100000,3053142.6113936636
