,Budget,Cost,TotalTravel(mi)
0,1000000,10000,7.151665915
1,1500000,10000,7.151665915
