,Budget,Cost,TotalTravel(mi)
0,1000000,10000,4671380.350097939
1,1500000,10000,3084654.051062984
