,Budget,Cost,TotalTravel(mi)
0,250000,10000,1545811.8984620254
1,500000,10000,861388.7559398302
2,750000,10000,861396.6443023885
